{"cameraMode":{"drawMode":0,"name":"Shaded","section":"Shading Mode"},"sceneLighting":true,"audioPlay":false,"sceneViewState":{"m_AlwaysRefresh":false,"showFog":true,"showSkybox":true,"showFlares":true,"showImageEffects":true,"showParticleSystems":true,"showVisualEffectGraphs":true,"m_FxEnabled":false},"in2DMode":false,"pivot":{"x":3.9391021728515627,"y":7.447259902954102,"z":-0.1581122875213623},"rotation":{"x":0.6600227355957031,"y":-0.007888151332736016,"z":0.006930127739906311,"w":0.7511711716651917},"size":10.014955520629883,"orthographic":false}